date,phase,m2_numpy_ffi,m2_numpy_ext,m2_scipy_ffi,m2_scipy_ext,m5_numpy,m5_scipy,m2_special_ffi,m2_special_ext,m2_stats_ffi,m2_stats_ext
2026-09-28,phase 3: 130 distributions + stats functions; pinned reference,55.4,45.0,32.8,30.7,81.3,93.5,66.1,66.1,79.1,79.1
2026-09-28,safety round: fuzz + verification fixes,55.4,45.0,32.8,30.7,81.3,93.5,66.1,66.1,79.1,79.1
2026-09-28,"PAR-2.3: array construction and manipulation (TSR-302), numeric routines",75.5,67.4,32.8,30.7,89.3,93.5,66.1,66.1,79.1,79.1
2026-10-04,numpy.ndarray ext parity (flatten/squeeze/swapaxes/take/put/round/view/nbytes),82.2,81.2,49.4,49.1,98.8,99.5,69.9,69.9,79.1,79.1
2026-10-04,numpy.fft + scipy.fft nd-transforms (fftn/ifftn/rfftn/irfftn/rfft2/irfft2/hfft/ihfft) on both backends,83.7,82.8,49.9,49.7,98.9,99.5,69.9,69.9,79.1,79.1
2026-10-04,scipy.signal.windows: 16 closed-form windows on both backends,83.7,82.8,51.0,50.7,98.9,99.5,69.9,69.9,79.1,79.1
2026-10-04,scipy.signal.windows param tier (kaiser/gaussian/general_gaussian/exponential/tukey),83.7,82.8,51.3,51.1,98.9,99.5,69.9,69.9,79.1,79.1
2026-10-04,api-dump: emit the extension registry facades (Ext\Linalg/ScipyLinalg/Signal/SignalWindows/Distance/Ndimage/Csgraph) so coverage credits the extension correctly,82.2,81.2,49.4,49.1,98.8,99.5,69.9,69.9,79.1,79.1
2026-10-04,api-dump emits the extension registry facades; results.json refreshed,83.7,82.8,51.3,51.1,98.9,99.5,69.9,69.9,79.1,79.1
2026-10-04,"scipy.special: softplus, sinc, spherical_jn/yn/in/kn (both backends)",83.7,82.8,51.7,51.5,98.9,99.5,71.7,71.7,79.1,79.1
2026-10-04,scipy.fft: hfft2/hfftn/ihfft2/ihfftn (both backends),83.7,82.8,52.0,51.7,98.9,99.5,71.7,71.7,79.1,79.1
2026-10-04,"scipy.fft: next_fast_len, prev_fast_len (both backends)",83.7,82.8,52.1,51.9,98.9,99.5,71.7,71.7,79.1,79.1
2026-10-04,scipy.ndimage 1-D filters: correlate1d/convolve1d/uniform/gaussian/min/max_filter1d (both backends),83.7,82.8,52.5,52.3,98.9,99.5,71.7,71.7,79.1,79.1
2026-10-04,"scipy.ndimage n-D separable filters: gaussian_filter, uniform_filter (both backends)",83.7,82.8,52.7,52.4,98.9,99.5,71.7,71.7,79.1,79.1
2026-10-04,scipy.ndimage order-statistic filters: minimum/maximum(n-D)/median/rank/percentile_filter (both backends),83.7,82.8,52.9,52.7,98.9,99.5,71.7,71.7,79.1,79.1
2026-10-04,scipy.ndimage grey_erosion / grey_dilation (both backends),83.7,82.8,53.1,52.8,98.9,99.5,71.7,71.7,79.1,79.1
2026-10-04,ndimage grey morphology + gradients,83.7,82.8,53.4,53.1,98.9,99.5,71.7,71.7,79.1,79.1
2026-10-04,ndimage gaussian_laplace + gaussian_gradient_magnitude,83.7,82.8,53.5,53.3,98.9,99.5,71.7,71.7,79.1,79.1
2026-10-04,ndimage labeled measurements (sum_labels/mean/variance/std/max/min/median),83.7,82.8,54.0,53.7,98.9,99.5,71.7,71.7,79.1,79.1
2026-10-04,ndimage center_of_mass + maximum/minimum_position,83.7,82.8,54.2,53.9,98.9,99.5,71.7,71.7,79.1,79.1
2026-10-05,"scipy.stats.poisson_binom (vector-shape distribution, both backends)",83.7,82.8,54.2,53.9,98.9,99.5,71.7,71.7,79.1,79.1
2026-10-05,ndimage grey tophats + morphological gradient/laplace,83.7,82.8,54.5,54.2,98.9,99.5,71.7,71.7,79.1,79.1
2026-10-05,ndimage binary opening/closing/hit_or_miss + iterate_structure,83.7,82.8,54.7,54.5,98.9,99.5,71.7,71.7,79.1,79.1
2026-10-05,ndimage binary_propagation + binary_fill_holes,83.7,82.8,54.9,54.6,98.9,99.5,71.7,71.7,79.1,79.1
2026-10-05,ndimage correlate + sum (alias),83.7,82.8,55.0,54.7,98.9,99.5,71.7,71.7,79.1,79.1
2026-10-05,ndimage histogram + extrema + find_objects,83.7,82.8,55.2,54.9,98.9,99.5,71.7,71.7,79.1,79.1
2026-10-05,ndimage fourier_gaussian/uniform/shift (complex routine I/O),83.7,82.8,55.4,55.1,98.9,99.5,71.7,71.7,79.1,79.1
2026-10-05,ndimage distance_transform_edt,83.7,82.8,55.5,55.2,98.9,99.5,71.7,71.7,79.1,79.1
2026-10-05,ndimage distance_transform_bf/cdt + fourier_ellipsoid,83.7,82.8,55.7,55.4,98.9,99.5,71.7,71.7,79.1,79.1
2026-10-05,ndimage map_coordinates (order 0/1),83.7,82.8,55.7,55.5,98.9,99.5,71.7,71.7,79.1,79.1
2026-10-05,ndimage shift/affine_transform/zoom (order 0/1),83.7,82.8,55.9,55.7,98.9,99.5,71.7,71.7,79.1,79.1
2026-10-05,ndimage rotate (order 0/1),83.7,82.8,56.0,55.7,98.9,99.5,71.7,71.7,79.1,79.1
2026-10-05,ndimage spline_filter(1d) + geometric orders 2-5 (mirror),83.7,82.8,56.1,55.9,98.9,99.5,71.7,71.7,79.1,79.1
2026-10-05,numpy completeness ufuncs: frexp ldexp divmod bitwise_count,84.3,83.5,56.1,55.9,98.9,99.5,71.7,71.7,79.1,79.1
2026-10-05,numpy completeness ufuncs: frexp ldexp divmod bitwise_count,84.5,83.5,56.1,55.9,98.9,99.5,71.7,71.7,79.1,79.1
2026-10-05,"scipy.signal: fftconvolve, oaconvolve, correlate (N-D)",84.5,83.5,56.3,56.1,98.9,99.5,71.7,71.7,79.1,79.1
2026-10-05,"scipy.signal: detrend, savgol_coeffs, savgol_filter",84.5,83.5,56.5,56.3,98.9,99.5,71.7,71.7,79.1,79.1
2026-10-05,scipy.sparse.csgraph: shortest_path/dijkstra/bellman_ford/johnson/floyd_warshall,84.5,83.5,56.9,56.6,98.9,99.5,71.7,71.7,79.1,79.1
2026-10-05,"scipy.signal: sosfilt, lfilter_zi, filtfilt",84.5,83.5,57.1,56.8,98.9,99.5,71.7,71.7,79.1,79.1
2026-10-05,"scipy.signal: sosfilt_zi, sosfiltfilt",84.5,83.5,57.2,56.9,98.9,99.5,71.7,71.7,79.1,79.1
2026-10-05,scipy.signal: freqz,84.5,83.5,57.3,57.0,98.9,99.5,71.7,71.7,79.1,79.1
2026-10-05,"scipy.signal: butter, cheby1, zpk2tf",84.5,83.5,57.5,57.2,98.9,99.5,71.7,71.7,79.1,79.1
2026-10-05,scipy.signal: cheby2,84.5,83.5,57.5,57.3,98.9,99.5,71.7,71.7,79.1,79.1
2026-10-05,scipy.spatial.distance: 10 pairwise metric functions,84.5,83.5,58.2,57.9,98.9,99.5,71.7,71.7,79.1,79.1
2026-10-05,scipy.spatial.distance: boolean dissimilarities,84.5,83.5,58.6,58.3,98.9,99.5,71.7,71.7,79.1,79.1
2026-10-05,"scipy.spatial.distance: mahalanobis, seuclidean, jensenshannon",84.5,83.5,58.8,58.5,98.9,99.5,71.7,71.7,79.1,79.1
2026-10-05,scipy.spatial.distance: num_obs/is_valid helpers,84.5,83.5,59.1,58.8,98.9,99.5,71.7,71.7,79.1,79.1
2026-10-05,"scipy.optimize: rosen, rosen_der, rosen_hess, rosen_hess_prod",84.5,83.5,59.3,59.1,98.9,99.6,71.7,71.7,79.1,79.1
2026-10-05,"scipy.optimize: brent, golden, fmin_bfgs",84.5,83.5,59.5,59.3,98.9,99.6,71.7,71.7,79.1,79.1
2026-10-05,"numpy.linalg: matrix_power, matrix_transpose",84.9,83.9,59.5,59.3,98.9,99.6,71.7,71.7,79.1,79.1
2026-10-05,"numpy.linalg: tensorsolve, tensorinv",85.2,84.3,59.5,59.3,98.9,99.6,71.7,71.7,79.1,79.1
2026-10-05,"numpy.linalg: trace, diagonal, outer, cross, vecdot",86.0,85.2,59.5,59.3,99.1,99.6,71.7,71.7,79.1,79.1
2026-10-06,"numpy.linalg: matrix_norm, vector_norm",86.4,85.6,59.5,59.3,99.1,99.6,71.7,71.7,79.1,79.1
2026-10-06,numpy.linalg: matmul,86.4,85.6,59.5,59.3,99.1,99.6,71.7,71.7,79.1,79.1
2026-10-06,"numpy completeness: left_shift, right_shift",86.4,85.6,59.5,59.3,99.1,99.6,71.7,71.7,79.1,79.1
2026-10-06,"numpy completeness: left_shift, right_shift",86.8,86.0,59.5,59.3,99.1,99.6,71.7,71.7,79.1,79.1
2026-10-06,"scipy.linalg constructors: hankel, fiedler, leslie",86.8,86.0,59.7,59.5,99.1,99.6,71.7,71.7,79.1,79.1
2026-10-06,"numpy products: vecdot, matvec, vecmat",87.4,86.6,59.7,59.5,99.1,99.6,71.7,71.7,79.1,79.1
2026-10-06,"scipy.linalg: pascal, invpascal",87.4,86.6,59.9,59.6,99.1,99.6,71.7,71.7,79.1,79.1
2026-10-06,"scipy.linalg: convolution_matrix, dft",87.4,86.6,60.0,59.7,99.1,99.6,71.7,71.7,79.1,79.1
